n_templates,time_seconds,memory_mb
100,0.0006052000007912284,0
1000,0.006586299999980838,0
5000,0.07078000000001339,0
